instruction_count,total_cycles,cpi,cache_hit_rate,cache_misses,clock_frequency_ghz,execution_time_us
12,18,1.5,0.0,2,3.22,0.00559
29,46,1.5862,30.0,7,2.36,0.019492
19,26,1.3684,0.0,7,2.01,0.012935
37,58,1.5676,6.25,15,1.17,0.049573
32,47,1.4688,28.57,5,3.19,0.014734
31,48,1.5484,10.0,9,1.62,0.02963
27,40,1.4815,25.0,9,2.02,0.019802
31,48,1.5484,0.0,7,3.07,0.015635
33,45,1.3636,20.0,8,2.04,0.022059
13,16,1.2308,0.0,3,3.73,0.00429
31,46,1.4839,0.0,13,3.5,0.013143
31,44,1.4194,0.0,8,3.62,0.012155
38,52,1.3684,33.33,4,3.72,0.013978
29,40,1.3793,33.33,6,3.9,0.010256
37,59,1.5946,30.77,9,3.97,0.014861
15,23,1.5333,16.67,5,3.8,0.006053
20,31,1.55,0.0,6,1.29,0.024031
24,33,1.375,0.0,2,2.79,0.011828
39,56,1.4359,33.33,8,3.74,0.014973
12,19,1.5833,0.0,6,3.98,0.004774
38,58,1.5263,27.78,13,3.09,0.01877
7,9,1.2857,0.0,1,2.22,0.004054
27,39,1.4444,22.22,7,1.29,0.030233
12,18,1.5,0.0,4,2.78,0.006475
38,56,1.4737,53.85,6,2.04,0.027451
27,40,1.4815,40.0,6,1.5,0.026667
38,57,1.5,30.77,9,1.03,0.05534
21,30,1.4286,16.67,5,3.68,0.008152
11,18,1.6364,0.0,6,2.91,0.006186
11,18,1.6364,0.0,5,1.36,0.013235
31,48,1.5484,25.0,6,1.18,0.040678
15,22,1.4667,0.0,6,3.46,0.006358
40,59,1.475,46.15,7,1.46,0.040411
28,42,1.5,20.0,8,1.82,0.023077
19,25,1.3158,25.0,3,1.67,0.01497
7,8,1.1429,0.0,0,3.85,0.002078
24,33,1.375,20.0,4,2.98,0.011074
26,37,1.4231,16.67,5,2.3,0.016087
26,40,1.5385,14.29,6,2.36,0.016949
37,57,1.5405,23.08,10,2.25,0.025333
14,24,1.7143,40.0,3,3.42,0.007018
19,28,1.4737,28.57,5,1.79,0.015642
35,56,1.6,21.43,11,1.51,0.037086
10,16,1.6,33.33,2,3.34,0.00479
30,48,1.6,36.36,7,1.23,0.039024
11,15,1.3636,25.0,3,3.23,0.004644
20,27,1.35,0.0,3,3.82,0.007068
19,25,1.3158,0.0,5,1.24,0.020161
40,63,1.575,11.11,16,1.76,0.035795
25,36,1.44,20.0,4,3.53,0.010198
12,16,1.3333,0.0,1,2.27,0.007048
22,33,1.5,50.0,4,3.59,0.009192
17,25,1.4706,33.33,4,1.39,0.017986
33,50,1.5152,50.0,7,3.17,0.015773
18,27,1.5,0.0,7,1.33,0.020301
9,14,1.5556,25.0,3,1.84,0.007609
38,55,1.4474,20.0,8,3.33,0.016517
25,38,1.52,50.0,5,2.93,0.012969
39,60,1.5385,58.33,5,1.1,0.054545
13,21,1.6154,14.29,6,2.97,0.007071
14,21,1.5,20.0,4,3.71,0.00566
39,63,1.6154,40.0,12,3.22,0.019565
17,28,1.6471,16.67,5,3.67,0.007629
35,49,1.4,0.0,9,2.36,0.020763
39,60,1.5385,50.0,8,1.55,0.03871
36,59,1.6389,11.76,15,2.8,0.021071
33,50,1.5152,33.33,8,1.54,0.032468
21,32,1.5238,0.0,7,2.77,0.011552
6,8,1.3333,0.0,2,2.73,0.00293
34,49,1.4412,27.27,8,2.68,0.018284
20,28,1.4,0.0,6,3.54,0.00791
7,10,1.4286,33.33,2,1.76,0.005682
17,24,1.4118,40.0,3,1.16,0.02069
21,34,1.619,22.22,7,1.72,0.019767
12,15,1.25,0.0,3,1.52,0.009868
6,7,1.1667,0.0,1,2.73,0.002564
18,26,1.4444,0.0,5,4.0,0.0065
38,55,1.4474,20.0,8,3.83,0.01436
36,60,1.6667,20.0,12,1.37,0.043796
34,47,1.3824,42.86,4,2.96,0.015878
22,36,1.6364,20.0,8,2.6,0.013846
35,52,1.4857,50.0,6,1.56,0.033333
10,14,1.4,33.33,2,3.37,0.004154
6,7,1.1667,0.0,0,2.33,0.003004
30,43,1.4333,37.5,5,1.68,0.025595
16,24,1.5,0.0,7,1.75,0.013714
22,37,1.6818,38.46,8,2.32,0.015948
9,11,1.2222,0.0,1,1.05,0.010476
20,27,1.35,0.0,5,2.62,0.010305
31,46,1.4839,41.67,7,3.98,0.011558
22,30,1.3636,25.0,6,3.0,0.01
32,46,1.4375,22.22,7,1.48,0.031081
5,8,1.6,0.0,2,3.18,0.002516
28,47,1.6786,30.0,7,1.36,0.034559
28,40,1.4286,28.57,5,2.26,0.017699
39,55,1.4103,16.67,10,1.73,0.031792
26,41,1.5769,9.09,10,2.44,0.016803
34,53,1.5588,40.0,9,1.91,0.027749
11,16,1.4545,0.0,5,1.31,0.012214
12,22,1.8333,33.33,4,3.88,0.00567
